{"cameraMode":{"drawMode":0,"name":"Shaded","section":"Shading Mode"},"sceneLighting":false,"audioPlay":false,"sceneViewState":{"m_AlwaysRefresh":false,"showFog":true,"showSkybox":false,"showFlares":true,"showImageEffects":true,"showParticleSystems":true,"showVisualEffectGraphs":true,"m_FxEnabled":true},"in2DMode":false,"pivot":{"x":-0.053788185119628909,"y":3.145517349243164,"z":-0.5286331176757813},"rotation":{"x":0.5216596126556397,"y":-0.20386937260627747,"z":0.1299845278263092,"w":0.8181767463684082},"size":6.307333946228027,"orthographic":false}