{"cameraMode":{"drawMode":0,"name":"Shaded","section":"Shading Mode"},"sceneLighting":false,"audioPlay":false,"sceneViewState":{"m_AlwaysRefresh":false,"showFog":true,"showSkybox":false,"showFlares":true,"showImageEffects":true,"showParticleSystems":true,"showVisualEffectGraphs":true,"m_FxEnabled":true},"in2DMode":false,"pivot":{"x":1.549566626548767,"y":0.4293888211250305,"z":0.41767024993896487},"rotation":{"x":0.02999062091112137,"y":-0.017990997061133386,"z":0.0005398905486799777,"w":0.9993888139724731},"size":2.6231045722961427,"orthographic":false}